{"_id":{"$oid":"5a18e91e5223011ff0402427"},"ctitle":"chicagocarrentalreviews","vehicleid":"9","vehiclename":"Chevrolet Silverado","rating":5,"username":"customer@chicagocarrental.com","reviewdate":"01/12/2017","review":"Test"}
{"_id":{"$oid":"5a22cc0c745df5043c1483c2"},"ctitle":"chicagocarrentalreviews","vehicleid":"26","vehiclename":"Jeep Compass","rating":4,"username":"customer@chicagocarrental.com","reviewdate":"02/08/2017","review":"Good"}
{"_id":{"$oid":"5a22cc3e745df5043c1483c4"},"ctitle":"chicagocarrentalreviews","vehicleid":"23","vehiclename":"Infiniti QX70","rating":4,"username":"customer@chicagocarrental.com","reviewdate":"05/09/2107","review":"Good"}
{"_id":{"$oid":"5a22cc6d745df5043c1483c8"},"ctitle":"chicagocarrentalreviews","vehicleid":"26","vehiclename":"Jeep Compass","rating":4,"username":"customer@chicagocarrental.com","reviewdate":"09/05/2017","review":"Good"}
{"_id":{"$oid":"5a22cc92745df5043c1483cc"},"ctitle":"chicagocarrentalreviews","vehicleid":"26","vehiclename":"Jeep Compass","rating":5,"username":"customer@chicagocarrental.com","reviewdate":"04/06/2017","review":"Very Good"}
{"_id":{"$oid":"5a22ccb4745df5043c1483d0"},"ctitle":"chicagocarrentalreviews","vehicleid":"26","vehiclename":"Jeep Compass","rating":5,"username":"customer@chicagocarrental.com","reviewdate":"06/07/2017","review":"Excellent"}
{"_id":{"$oid":"5a22cce0745df5043c1483d6"},"ctitle":"chicagocarrentalreviews","vehicleid":"27","vehiclename":"Jeep Wrangler Unlimited","rating":3,"username":"customer@chicagocarrental.com","reviewdate":"08/08/2017","review":"Average"}
{"_id":{"$oid":"5a22ccfb745df5043c1483da"},"ctitle":"chicagocarrentalreviews","vehicleid":"27","vehiclename":"Jeep Wrangler Unlimited","rating":3,"username":"customer@chicagocarrental.com","reviewdate":"08/08/2017","review":"Average"}
{"_id":{"$oid":"5a22cd19745df5043c1483de"},"ctitle":"chicagocarrentalreviews","vehicleid":"34","vehiclename":"Mercedes G550","rating":5,"username":"customer@chicagocarrental.com","reviewdate":"09/09/2017","review":"Excellent"}
{"_id":{"$oid":"5a22cd63745df5043c1483e4"},"ctitle":"chicagocarrentalreviews","vehicleid":"26","vehiclename":"Jeep Compass","rating":5,"username":"customer@chicagocarrental.com","reviewdate":"10/10/2017","review":"Test"}
{"_id":{"$oid":"5a22cd9d745df5043c1483e8"},"ctitle":"chicagocarrentalreviews","vehicleid":"26","vehiclename":"Jeep Compass","rating":1,"username":"customer@chicagocarrental.com","reviewdate":"11/11/2017","review":"Bad"}
