<?xml version="1.0" encoding="UTF-8"?>
<VehicleCatalog>
    <vehicle id="1" >
        <image>AudiA3.jpg</image>
        <name>Audi A3</name>
        <price>100</price>
		<type>standard</type>
		<mileage>10</mileage>
		<transmission>auto</transmission>
		<registrationnumber>test123456</registrationnumber>
		<passengercapacity>2</passengercapacity>
		<locationid>4</locationid>
		

    </vehicle>
    <vehicle id="2" >
        <image>BMW 650i Convertible.jpg</image>
        <name>BMW 650i Convertible</name>
        <price>100</price>
		<type>luxury</type>
		<mileage>10</mileage>
		<transmission>auto</transmission>
		<registrationnumber>test1234567</registrationnumber>
		<passengercapacity>2</passengercapacity>
		<locationid>4</locationid>

    </vehicle>
	    <vehicle id="3" >
        <image>Cadillac Escalade.jpg</image>
        <name>Cadillac Escalade</name>
        <price>108</price>
		<type>suv</type>
		<mileage>10</mileage>
		<transmission>auto</transmission>
		<registrationnumber>test1234567</registrationnumber>
		<passengercapacity>4</passengercapacity>
		<locationid>4</locationid>

    </vehicle>
    <vehicle id="4" >
        <image>Chevrolet Camaro Convertible.jpg</image>
        <name>Chevrolet Camaro Convertible</name>
        <price>80</price>
		<type>luxury</type>
		<mileage>20</mileage>
		<transmission>auto</transmission>
		<registrationnumber>test12345678</registrationnumber>
		<passengercapacity>2</passengercapacity>
		<locationid>4</locationid>

    </vehicle>
	
	    <vehicle id="5" >
        <image>Chevrolet Camaro SS Convertible.jpg</image>
        <name>Chevrolet Camaro SS Convertible</name>
        <price>90</price>
		<type>luxury</type>
		<mileage>13</mileage>
		<transmission>auto</transmission>
		<registrationnumber>test123456</registrationnumber>
		<passengercapacity>2</passengercapacity>
		<locationid>1</locationid>
		

    </vehicle>
    <vehicle id="6" >
        <image>Chevrolet Camaro SS.jpg</image>
        <name>Chevrolet Camaro SS</name>
        <price>70</price>
		<type>standard</type>
		<mileage>15</mileage>
		<transmission>auto</transmission>
		<registrationnumber>test1234567</registrationnumber>
		<passengercapacity>2</passengercapacity>
		<locationid>1</locationid>

    </vehicle>
	    <vehicle id="7" >
        <image>Chevrolet Cruze.jpg</image>
        <name>Chevrolet Cruze</name>
        <price>60</price>
		<type>economy</type>
		<mileage>21</mileage>
		<transmission>auto</transmission>
		<registrationnumber>test1234567</registrationnumber>
		<passengercapacity>4</passengercapacity>
		<locationid>1</locationid>

    </vehicle>
    <vehicle id="8" >
        <image>Chevrolet Impala.jpg</image>
        <name>Chevrolet Impala</name>
        <price>60</price>
		<type>economy</type>
		<mileage>23</mileage>
		<transmission>auto</transmission>
		<registrationnumber>test12345678</registrationnumber>
		<passengercapacity>4</passengercapacity>
		<locationid>1</locationid>

    </vehicle>
    <vehicle id="9" >
        <image>Chevrolet Silverado.jpg</image>
        <name>Chevrolet Silverado</name>
        <price>110</price>
		<type>suv</type>
		<mileage>15</mileage>
		<transmission>auto</transmission>
		<registrationnumber>test12345678</registrationnumber>
		<passengercapacity>4</passengercapacity>
		<locationid>1</locationid>

    </vehicle>
 <vehicle id="10" >
        <image>Chevrolet Spark.jpg</image>
        <name>Chevrolet Spark</name>
        <price>40</price>
		<type>economy</type>
		<mileage>20</mileage>
		<transmission>auto</transmission>
		<registrationnumber>test12345678</registrationnumber>
		<passengercapacity>4</passengercapacity>
		<locationid>1</locationid>

    </vehicle>
     <vehicle id="11" >
        <image>Chevrolet Suburban.jpg</image>
        <name>Chevrolet Suburban</name>
        <price>110</price>
		<type>suv</type>
		<mileage>15</mileage>
		<transmission>auto</transmission>
		<registrationnumber>test12345678</registrationnumber>
		<passengercapacity>6</passengercapacity>
		<locationid>1</locationid>

    </vehicle>
	 <vehicle id="12" >
        <image>Chrysler 200.jpg</image>
        <name>Chrysler 200</name>
        <price>50</price>
		<type>standard</type>
		<mileage>19</mileage>
		<transmission>auto</transmission>
		<registrationnumber>test12345678</registrationnumber>
		<passengercapacity>4</passengercapacity>
		<locationid>1</locationid>

    </vehicle>
	 <vehicle id="13" >
        <image>Chrysler 300.jpg</image>
        <name>Chrysler 300</name>
        <price>110</price>
		<type>standard</type>
		<mileage>19</mileage>
		<transmission>auto</transmission>
		<registrationnumber>test12345678</registrationnumber>
		<passengercapacity>4</passengercapacity>
		<locationid>1</locationid>

    </vehicle>
 <vehicle id="14" >
        <image>Corvette Convertible.jpg</image>
        <name>Corvette Convertible</name>
        <price>90</price>
		<type>luxury</type>
		<mileage>15</mileage>
		<transmission>auto</transmission>
		<registrationnumber>test12345678</registrationnumber>
		<passengercapacity>2</passengercapacity>
		<locationid>1</locationid>

    </vehicle>
<vehicle id="15" >
        <image>Corvette Stingray.jpg</image>
        <name>Corvette Stingray</name>
        <price>90</price>
		<type>luxury</type>
		<mileage>18</mileage>
		<transmission>auto</transmission>
		<registrationnumber>test12345678</registrationnumber>
		<passengercapacity>2</passengercapacity>
		<locationid>3</locationid>

    </vehicle>
	<vehicle id="16" >
        <image>Dodge Challenger.jpg</image>
        <name>Dodge Challenger</name>
        <price>90</price>
		<type>standard</type>
		<mileage>16</mileage>
		<transmission>auto</transmission>
		<registrationnumber>test12345678</registrationnumber>
		<passengercapacity>2</passengercapacity>
		<locationid>3</locationid>

    </vehicle>


	<vehicle id="17" >
        <image>Dodge Journey.jpg</image>
        <name>Dodge Journey</name>
        <price>90</price>
		<type>suv</type>
		<mileage>15</mileage>
		<transmission>auto</transmission>
		<registrationnumber>test12345678</registrationnumber>
		<passengercapacity>5</passengercapacity>
		<locationid>3</locationid>

    </vehicle>

	<vehicle id="18" >
        <image>Ford Mustang GT Premium.jpg</image>
        <name>Ford Mustang GT Premium</name>
        <price>90</price>
		<type>luxury</type>
		<mileage>18</mileage>
		<transmission>auto</transmission>
		<registrationnumber>test12345678</registrationnumber>
		<passengercapacity>2</passengercapacity>
		<locationid>3</locationid>

    </vehicle>

<vehicle id="19" >
        <image>Ford Transit 12 psgr.jpg</image>
        <name>Ford Transit 12 psgr</name>
        <price>90</price>
		<type>standard</type>
		<mileage>18</mileage>
		<transmission>auto</transmission>
		<registrationnumber>test12345678</registrationnumber>
		<passengercapacity>12</passengercapacity>
		<locationid>3</locationid>

    </vehicle>

<vehicle id="20" >
        <image>Hyundai Santra Fe.jpg</image>
        <name>Hyundai Santra Fe</name>
        <price>50</price>
		<type>economy</type>
		<mileage>22</mileage>
		<transmission>auto</transmission>
		<registrationnumber>test12345678</registrationnumber>
		<passengercapacity>5</passengercapacity>
		<locationid>3</locationid>

    </vehicle>	
<vehicle id="21" >
        <image>Infiniti Q50.jpg</image>
        <name>Infiniti Q50</name>
        <price>50</price>
		<type>economy</type>
		<mileage>22</mileage>
		<transmission>auto</transmission>
		<registrationnumber>test12345678</registrationnumber>
		<passengercapacity>5</passengercapacity>
		<locationid>3</locationid>

    </vehicle>	
<vehicle id="21" >
        <image>Infiniti Q50.jpg</image>
        <name>Infiniti Q50</name>
        <price>50</price>
		<type>economy</type>
		<mileage>22</mileage>
		<transmission>auto</transmission>
		<registrationnumber>test12345678</registrationnumber>
		<passengercapacity>5</passengercapacity>
		<locationid>3</locationid>

    </vehicle>
<vehicle id="22" >
        <image>Infiniti QX60.jpg</image>
        <name>Infiniti QX60</name>
        <price>90</price>
		<type>suv</type>
		<mileage>18</mileage>
		<transmission>auto</transmission>
		<registrationnumber>test12345678</registrationnumber>
		<passengercapacity>5</passengercapacity>
		<locationid>3</locationid>

    </vehicle>
<vehicle id="23" >
        <image>Infiniti QX70.jpg</image>
        <name>Infiniti QX70</name>
        <price>95</price>
		<type>suv</type>
		<mileage>17</mileage>
		<transmission>auto</transmission>
		<registrationnumber>test12345678</registrationnumber>
		<passengercapacity>5</passengercapacity>
		<locationid>2</locationid>

    </vehicle>

<vehicle id="24" >
        <image>Infiniti QX80.jpg</image>
        <name>Infiniti QX80</name>
        <price>100</price>
		<type>suv</type>
		<mileage>22</mileage>
		<transmission>auto</transmission>
		<registrationnumber>test12345678</registrationnumber>
		<passengercapacity>5</passengercapacity>
		<locationid>1</locationid>

    </vehicle>
<vehicle id="25" >
        <image>Jaguar XJ.jpg</image>
        <name>Jaguar</name>
        <price>60</price>
		<type>economy</type>
		<mileage>22</mileage>
		<transmission>auto</transmission>
		<registrationnumber>test12345678</registrationnumber>
		<passengercapacity>4</passengercapacity>
		<locationid>2</locationid>

    </vehicle>
<vehicle id="26" >
        <image>Jeep Compass.jpg</image>
        <name>Jeep Compass</name>
        <price>80</price>
		<type>suv</type>
		<mileage>17</mileage>
		<transmission>auto</transmission>
		<registrationnumber>test12345678</registrationnumber>
		<passengercapacity>5</passengercapacity>
		<locationid>2</locationid>

    </vehicle>
<vehicle id="27" >
        <image>Jeep Wrangler Unlimited.jpg</image>
        <name>Jeep Wrangler Unlimited</name>
        <price>80</price>
		<type>suv</type>
		<mileage>18</mileage>
		<transmission>auto</transmission>
		<registrationnumber>test12345678</registrationnumber>
		<passengercapacity>5</passengercapacity>
		<locationid>2</locationid>

    </vehicle>
<vehicle id="28" >
        <image>Jeep Wrangler.jpg</image>
        <name>Jeep Wrangler</name>
        <price>80</price>
		<type>suv</type>
		<mileage>18</mileage>
		<transmission>auto</transmission>
		<registrationnumber>test12345678</registrationnumber>
		<passengercapacity>5</passengercapacity>
		<locationid>4</locationid>

    </vehicle>
<vehicle id="29" >
        <image>Land Rover Sport.jpg</image>
        <name>Land Rover Sport</name>
        <price>80</price>
		<type>suv</type>
		<mileage>18</mileage>
		<transmission>auto</transmission>
		<registrationnumber>test12345678</registrationnumber>
		<passengercapacity>5</passengercapacity>
		<locationid>1</locationid>

    </vehicle>
<vehicle id="30" >
        <image>Mercedes C63 AMG.jpg</image>
        <name>Mercedes C63 AMG</name>
        <price>80</price>
		<type>standard</type>
		<mileage>18</mileage>
		<transmission>auto</transmission>
		<registrationnumber>test12345678</registrationnumber>
		<passengercapacity>5</passengercapacity>
		<locationid>2</locationid>

    </vehicle>
<vehicle id="31" >
        <image>Mercedes C300.jpg</image>
        <name>Mercedes C300</name>
        <price>80</price>
		<type>standard</type>
		<mileage>18</mileage>
		<transmission>auto</transmission>
		<registrationnumber>test12345678</registrationnumber>
		<passengercapacity>5</passengercapacity>
		<locationid>3</locationid>

    </vehicle>
<vehicle id="32" >
        <image>Mercedes CLA45 AMG.jpg</image>
        <name>Mercedes CLA45 AMG</name>
        <price>80</price>
		<type>standard</type>
		<mileage>18</mileage>
		<transmission>auto</transmission>
		<registrationnumber>test12345678</registrationnumber>
		<passengercapacity>5</passengercapacity>
		<locationid>4</locationid>

    </vehicle>
<vehicle id="33" >
        <image>Mercedes E Class.jpg</image>
        <name>Mercedes E Class</name>
        <price>70</price>
		<type>standard</type>
		<mileage>20</mileage>
		<transmission>auto</transmission>
		<registrationnumber>test12345678</registrationnumber>
		<passengercapacity>5</passengercapacity>
		<locationid>3</locationid>

    </vehicle>
<vehicle id="34" >
        <image>Mercedes G550.jpg</image>
        <name>Mercedes G550</name>
        <price>80</price>
		<type>suv</type>
		<mileage>18</mileage>
		<transmission>auto</transmission>
		<registrationnumber>test12345678</registrationnumber>
		<passengercapacity>5</passengercapacity>
		<locationid>2</locationid>

    </vehicle>
<vehicle id="35" >
        <image>Mercedes GL450.jpg</image>
        <name>Mercedes GL450</name>
        <price>80</price>
		<type>suv</type>
		<mileage>18</mileage>
		<transmission>auto</transmission>
		<registrationnumber>test12345678</registrationnumber>
		<passengercapacity>5</passengercapacity>
		<locationid>1</locationid>

    </vehicle>
<vehicle id="36" >
        <image>Mercedes GLC.jpg</image>
        <name>Mercedes GLC</name>
        <price>80</price>
		<type>suv</type>
		<mileage>16</mileage>
		<transmission>auto</transmission>
		<registrationnumber>test12345678</registrationnumber>
		<passengercapacity>5</passengercapacity>
		<locationid>4</locationid>

    </vehicle>
<vehicle id="37" >
        <image>Mercedes GLE350.jpg</image>
        <name>Mercedes GLE350</name>
        <price>80</price>
		<type>suv</type>
		<mileage>16</mileage>
		<transmission>auto</transmission>
		<registrationnumber>test12345678</registrationnumber>
		<passengercapacity>5</passengercapacity>
		<locationid>1</locationid>

    </vehicle>
<vehicle id="38" >
        <image>Mercedes S550.jpg</image>
        <name>Mercedes S550</name>
        <price>60</price>
		<type>economy</type>
		<mileage>22</mileage>
		<transmission>auto</transmission>
		<registrationnumber>test12345678</registrationnumber>
		<passengercapacity>5</passengercapacity>
		<locationid>4</locationid>

    </vehicle>
<vehicle id="39" >
        <image>Mercedes SL550 CV.jpg</image>
        <name>Mercedes SL550 CV</name>
        <price>80</price>
		<type>luxury</type>
		<mileage>18</mileage>
		<transmission>auto</transmission>
		<registrationnumber>test12345678</registrationnumber>
		<passengercapacity>2</passengercapacity>
		<locationid>3</locationid>

    </vehicle>
<vehicle id="36" >
        <image>Mercedes SLK250.jpg</image>
        <name>Mercedes SLK250</name>
        <price>70</price>
		<type>luxury</type>
		<mileage>18</mileage>
		<transmission>auto</transmission>
		<registrationnumber>test12345678</registrationnumber>
		<passengercapacity>2</passengercapacity>
		<locationid>2</locationid>

    </vehicle>
<vehicle id="37" >
        <image>Nissan Altima.jpg</image>
        <name>Nissan Altima</name>
        <price>50</price>
		<type>economy</type>
		<mileage>22</mileage>
		<transmission>auto</transmission>
		<registrationnumber>test12345678</registrationnumber>
		<passengercapacity>2</passengercapacity>
		<locationid>3</locationid>

    </vehicle>

<vehicle id="38" >
        <image>Nissan Armada.jpg</image>
        <name>Nissan Armada</name>
        <price>80</price>
		<type>suv</type>
		<mileage>16</mileage>
		<transmission>auto</transmission>
		<registrationnumber>test12345678</registrationnumber>
		<passengercapacity>5</passengercapacity>
		<locationid>1</locationid>

    </vehicle>
<vehicle id="39" >
        <image>Nissan Frontier Crew Cab.jpg</image>
        <name>Nissan Frontier Crew Cab</name>
        <price>90</price>
		<type>suv</type>
		<mileage>16</mileage>
		<transmission>auto</transmission>
		<registrationnumber>test12345678</registrationnumber>
		<passengercapacity>5</passengercapacity>
		<locationid>1</locationid>

    </vehicle>

<vehicle id="40" >
        <image>Nissan NV.jpg</image>
        <name>Nissan NV</name>
        <price>90</price>
		<type>suv</type>
		<mileage>16</mileage>
		<transmission>auto</transmission>
		<registrationnumber>test12345678</registrationnumber>
		<passengercapacity>8</passengercapacity>
		<locationid>3</locationid>

    </vehicle>

    <vehicle id="41" >
        <image>Ford Mustang GT Premium.jpg</image>
        <name>Ford Mustang</name>
        <price>100</price>
		<type>luxury</type>
		<mileage>10</mileage>
		<transmission>auto</transmission>
		<registrationnumber>test1234567</registrationnumber>
		<passengercapacity>2</passengercapacity>
		<locationid>4</locationid>

    </vehicle>

</VehicleCatalog>